{"cameraMode":{"drawMode":0,"name":"Shaded","section":"Shading Mode"},"sceneLighting":true,"audioPlay":false,"sceneViewState":{"m_AlwaysRefresh":false,"showFog":true,"showSkybox":true,"showFlares":true,"showImageEffects":true,"showParticleSystems":true,"showVisualEffectGraphs":true,"m_FxEnabled":true},"in2DMode":false,"pivot":{"x":45.729488372802737,"y":42.65142059326172,"z":-38.12754440307617},"rotation":{"x":-0.10797788947820664,"y":-0.04916534572839737,"z":0.005598494317382574,"w":-0.9931124448776245},"size":121.95868682861328,"orthographic":false}