{"cameraMode":{"drawMode":0,"name":"Shaded","section":"Shading Mode"},"sceneLighting":true,"audioPlay":false,"sceneViewState":{"m_AlwaysRefresh":false,"showFog":true,"showSkybox":true,"showFlares":true,"showImageEffects":true,"showParticleSystems":true,"showVisualEffectGraphs":true,"m_FxEnabled":true},"in2DMode":false,"pivot":{"x":3.2794408798217775,"y":0.08549517393112183,"z":5.071709156036377},"rotation":{"x":0.19330425560474397,"y":-0.33883750438690188,"z":0.07080782204866409,"w":0.9182175993919373},"size":2.366426706314087,"orthographic":false}